ID,FirstName,LastName,Email,Age,Country
1,John,Smith,john.smith1@example.com,28,USA
2,Emma,Johnson,emma.johnson2@example.com,34,Canada
3,Liam,Williams,liam.williams3@example.com,22,UK
4,Olivia,Brown,olivia.brown4@example.com,45,Australia
5,Noah,Jones,noah.jones5@example.com,31,USA
6,Ava,Garcia,ava.garcia6@example.com,27,Spain
7,Elijah,Miller,elijah.miller7@example.com,39,Germany
8,Sophia,Davis,sophia.davis8@example.com,26,France
9,James,Rodriguez,james.rodriguez9@example.com,41,Mexico
10,Isabella,Martinez,isabella.martinez10@example.com,30,Italy
11,William,Hernandez,william.hernandez11@example.com,36,Brazil
12,Mia,Lopez,mia.lopez12@example.com,24,Argentina
13,Benjamin,Gonzalez,benjamin.gonzalez13@example.com,33,Chile
14,Charlotte,Wilson,charlotte.wilson14@example.com,29,USA
15,Lucas,Anderson,lucas.anderson15@example.com,42,Canada
16,Amelia,Thomas,amelia.thomas16@example.com,37,UK
17,Henry,Taylor,henry.taylor17@example.com,23,Australia
18,Harper,Moore,harper.moore18@example.com,40,USA
19,Alexander,Jackson,alexander.jackson19@example.com,35,Germany
20,Evelyn,Martin,evelyn.martin20@example.com,32,France
21,Michael,Lee,michael.lee21@example.com,38,South Korea
22,Abigail,Perez,abigail.perez22@example.com,21,Spain
23,Daniel,Thompson,daniel.thompson23@example.com,44,USA
24,Emily,White,emily.white24@example.com,28,Canada
25,Matthew,Harris,matthew.harris25@example.com,31,UK
26,Elizabeth,Sanchez,elizabeth.sanchez26@example.com,27,Mexico
27,Joseph,Clark,joseph.clark27@example.com,46,USA
28,Sofia,Ramirez,sofia.ramirez28@example.com,25,Colombia
29,David,Lewis,david.lewis29@example.com,34,USA
30,Avery,Robinson,avery.robinson30@example.com,29,Australia
31,Samuel,Walker,samuel.walker31@example.com,43,Canada
32,Ella,Young,ella.young32@example.com,26,UK
33,Sebastian,Allen,sebastian.allen33@example.com,30,Germany
34,Scarlett,King,scarlett.king34@example.com,33,France
35,Jack,Wright,jack.wright35@example.com,37,USA
36,Grace,Scott,grace.scott36@example.com,22,USA
37,Owen,Torres,owen.torres37@example.com,41,Spain
38,Chloe,Nguyen,chloe.nguyen38@example.com,28,Vietnam
39,Gabriel,Hill,gabriel.hill39@example.com,36,USA
40,Violet,Flores,violet.flores40@example.com,24,Mexico
41,Carter,Green,carter.green41@example.com,39,Canada
42,Riley,Adams,riley.adams42@example.com,27,USA
43,Julian,Nelson,julian.nelson43@example.com,45,UK
44,Lily,Baker,lily.baker44@example.com,31,Australia
45,Levi,Hall,levi.hall45@example.com,29,USA
46,Zoey,Rivera,zoey.rivera46@example.com,34,Argentina
47,Isaac,Campbell,isaac.campbell47@example.com,40,USA
48,Hannah,Mitchell,hannah.mitchell48@example.com,23,Canada
49,Anthony,Carter,anthony.carter49@example.com,38,USA
50,Aria,Roberts,aria.roberts50@example.com,26,UK
